{"cameraMode":{"drawMode":0,"name":"Shaded","section":"Shading Mode"},"sceneLighting":true,"audioPlay":false,"sceneViewState":{"showFog":true,"showMaterialUpdate":false,"showSkybox":true,"showFlares":true,"showImageEffects":true,"showParticleSystems":true},"in2DMode":false,"pivot":{"x":0.190185546875,"y":-0.240234375,"z":0.37890625},"rotation":{"x":0.029933270066976548,"y":0.06379617005586624,"z":-0.001914266380481422,"w":0.9975121021270752},"size":9.589571952819825,"orthographic":true}