{"cameraMode":{"drawMode":0,"name":"Shaded","section":"Shading Mode"},"sceneLighting":true,"audioPlay":false,"sceneViewState":{"showFog":true,"showMaterialUpdate":true,"showSkybox":true,"showFlares":true,"showImageEffects":true,"showParticleSystems":true},"in2DMode":false,"pivot":{"x":-0.3839978575706482,"y":1.129089593887329,"z":-1.539980411529541},"rotation":{"x":0.03449256345629692,"y":0.0035505942068994047,"z":-0.00012134916323702782,"w":0.9993986487388611},"size":4.119682312011719,"orthographic":false}