{"cameraMode":{"drawMode":0,"name":"Shaded","section":"Shading Mode"},"sceneLighting":true,"audioPlay":false,"sceneViewState":{"showFog":true,"showMaterialUpdate":true,"showSkybox":true,"showFlares":true,"showImageEffects":true,"showParticleSystems":true},"in2DMode":false,"pivot":{"x":2.7514166831970217,"y":-0.4143645763397217,"z":0.0411686897277832},"rotation":{"x":0.2420252412557602,"y":0.018918847665190698,"z":-0.004720091819763184,"w":0.9700739979743958},"size":9.488661766052246,"orthographic":false}