{"cameraMode":{"drawMode":0,"name":"Shaded","section":"Shading Mode"},"sceneLighting":false,"audioPlay":false,"sceneViewState":{"showFog":true,"showMaterialUpdate":false,"showSkybox":false,"showFlares":true,"showImageEffects":true,"showParticleSystems":true},"in2DMode":false,"pivot":{"x":0.2617427110671997,"y":2.2934703826904299,"z":0.7833328247070313},"rotation":{"x":0.0035054455511271955,"y":-0.9949659109115601,"z":-0.09280107915401459,"w":-0.037665288895368579},"size":13.387918472290039,"orthographic":true}